{"schemaVersion":"1.0","appDefinitionTemplate":{"id":"/providers/Microsoft.PowerApps/apps/","type":"Microsoft.PowerApps/apps","tags":{"primaryDeviceWidth":"640","primaryDeviceHeight":"1136","supportsPortrait":"true","supportsLandscape":"true","primaryFormFactor":"Phone","showStatusBar":"false","publisherVersion":"3.24074.14","minimumRequiredApiVersion":"2.2.0","hasComponent":"false","hasUnlockedComponent":"false","isUnifiedRootApp":"false","sienaVersion":"20240814T224919Z-3.24074.14.0"},"properties":{"appVersion":"2024-08-14T22:49:19Z","lifeCycleId":"Published","createdByClientVersion":{"major":3,"minor":24074,"build":14,"revision":0,"majorRevision":0,"minorRevision":0},"minClientVersion":{"major":3,"minor":24074,"build":14,"revision":0,"majorRevision":0,"minorRevision":0},"backgroundColor":"RGBA(0,176,240,1)","backgroundImageUri":"/17570231486211947119/N2c11c9c5-268c-4336-b48e-9eac078c4d30-logoSmallFile","displayName":"HR Bundle","description":"","commitMessage":"","appUris":{"documentUri":{"value":"/17570231486211947119/N6a4fdfb0-8c97-4b6f-bf9e-ffa412a495ff-document.msapp"},"imageUris":[],"additionalUris":[{"isSolutionAware":false,"value":"/17570231486211947119/Nb49fc49c-dddc-43c1-b8d7-e31d68303a41-identity.json"}]},"createdTime":"0001-01-01T00:00:00Z","lastModifiedTime":"0001-01-01T00:00:00Z","sharedGroupsCount":0,"sharedUsersCount":0,"connectionReferences":{"d99c3f5b-b1a1-4d1d-9efc-67d69f2d32fd":{"id":"6382ed21-6d1f-4c12-a862-9551adcc1c72","displayName":"SharePoint","iconUri":"https://connectoricons-prod.azureedge.net/u/jayawan/releases/v1.0.1697/1.0.1697.3786/sharepointonline/icon.png","dataSources":["Employee Master Data","Check_IN_OUT","Leave Requests","Employees","Working Hours Details","Job Details","Customer Details","Leave Details","Working Hours Details-Temp","Pay Items","Day End"],"dependencies":[],"dependents":[],"parameterHints":{},"parameterHintsV2":{},"isOnPremiseConnection":false,"bypassConsent":false,"dataSets":{"https://bpozim.sharepoint.com/sites/BPOAutomation":{"dataSources":{"Employee Master Data":{"tableName":"c73224c6-fef1-4c36-9162-d2716d15c73e"},"Check_IN_OUT":{"tableName":"53c19668-fd9b-4aeb-88ca-4ebce8cb89a6"},"Leave Requests":{"tableName":"f1dc1119-58b9-47c2-9d90-0e59f0dd5390"}}},"https://amhmaintenance928.sharepoint.com/sites/AMHAPProcess":{"dataSources":{"Employees":{"tableName":"667d2030-08a1-44ac-a618-1199edcace3f"},"Working Hours Details":{"tableName":"99e697fe-2f20-4ef2-8098-1d9f34f10ccf"},"Job Details":{"tableName":"36c8b298-6dbb-455b-a517-1e121b0b1253"},"Customer Details":{"tableName":"77e65bb5-648b-43e0-922f-66eab9f9ffac"},"Leave Details":{"tableName":"6a2b2343-167a-4e6d-8f81-e1e66a8e1e52"},"Working Hours Details-Temp":{"tableName":"a267c2a9-6f1e-4233-b843-adad4f3cf7fe"},"Pay Items":{"tableName":"d35c59d5-905b-4c63-9920-cd85b4720d4f"},"Day End":{"tableName":"f09db2bc-dd19-4a02-a925-a795947ebabf"}}}},"apiTier":"Standard","isCustomApiConnection":false,"actions":["providers/PowerPlatform.Governance/Operations/Read","providers/PowerPlatform.Governance/Operations/Write","providers/PowerPlatform.Governance/Operations/Delete"]}},"databaseReferences":{},"almMode":"Environment","performanceOptimizationEnabled":true,"canConsumeAppPass":true,"enableModernRuntimeMode":false,"executionRestrictions":{"isTeamsOnly":false,"dataLossPreventionEvaluationResult":{"status":"Compliant","lastEvaluationDate":"2024-04-04T18:16:10.3574125Z","violations":[],"violationsByPolicy":[],"violationErrorMessage":"The app uses the following connectors: shared_sharepointonline."}}},"appType":"ClassicCanvasApp","appComponents":[]}}